Date,High,Low,Open,Close,Volume,Adj Close
2019-01-04,1825.0,1730.0,1751.0,1810.0,49100.0,1794.408447265625
2019-01-07,1895.0,1852.0,1870.0,1892.0,67000.0,1875.7021484375
2019-01-08,1943.0,1903.0,1909.0,1924.0,58000.0,1907.4263916015625
2019-01-09,1973.0,1829.0,1950.0,1832.0,175500.0,1816.218994140625
2019-01-10,1853.0,1828.0,1835.0,1832.0,54100.0,1816.218994140625
2019-01-11,1861.0,1802.0,1832.0,1841.0,60900.0,1825.141357421875
2019-01-15,1894.0,1838.0,1859.0,1888.0,56600.0,1871.736572265625
2019-01-16,1901.0,1857.0,1880.0,1877.0,46200.0,1860.831298828125
2019-01-17,1922.0,1878.0,1878.0,1892.0,43000.0,1875.7021484375
2019-01-18,1907.0,1883.0,1897.0,1899.0,40800.0,1882.6417236328125
2019-01-21,1949.0,1889.0,1913.0,1889.0,63700.0,1872.727783203125
2019-01-22,1905.0,1867.0,1896.0,1886.0,66900.0,1869.7537841796875
2019-01-23,1888.0,1862.0,1877.0,1863.0,63900.0,1846.951904296875
2019-01-24,1875.0,1836.0,1870.0,1840.0,56200.0,1824.1500244140625
2019-01-25,1857.0,1830.0,1842.0,1836.0,86900.0,1820.1844482421875
2019-01-28,1864.0,1837.0,1848.0,1847.0,112900.0,1831.089599609375
2019-01-29,1802.0,1766.0,1800.0,1776.0,121100.0,1764.522705078125
2019-01-30,1776.0,1740.0,1775.0,1740.0,69200.0,1728.7552490234375
2019-01-31,1758.0,1725.0,1741.0,1755.0,87000.0,1743.658447265625
2019-02-01,1761.0,1711.0,1740.0,1725.0,93400.0,1713.852294921875
2019-02-04,1743.0,1715.0,1721.0,1732.0,56600.0,1720.8070068359375
2019-02-05,1751.0,1729.0,1732.0,1749.0,30000.0,1737.6971435546875
2019-02-06,1764.0,1740.0,1749.0,1751.0,23600.0,1739.684326171875
2019-02-07,1768.0,1745.0,1750.0,1756.0,33100.0,1744.65185546875
2019-02-08,1752.0,1696.0,1733.0,1696.0,67600.0,1685.03955078125
2019-02-12,1751.0,1706.0,1710.0,1749.0,38600.0,1737.6971435546875
2019-02-13,1767.0,1744.0,1760.0,1757.0,33800.0,1745.6455078125
2019-02-14,1785.0,1759.0,1760.0,1768.0,59400.0,1756.5743408203125
2019-02-15,1775.0,1739.0,1754.0,1766.0,46400.0,1754.5872802734375
2019-02-18,1824.0,1767.0,1767.0,1798.0,60800.0,1786.3804931640625
2019-02-19,1836.0,1787.0,1803.0,1815.0,37800.0,1803.270751953125
2019-02-20,1836.0,1811.0,1835.0,1817.0,26300.0,1805.2576904296875
2019-02-21,1830.0,1801.0,1811.0,1809.0,28500.0,1797.3094482421875
2019-02-22,1809.0,1777.0,1809.0,1780.0,38500.0,1768.496826171875
2019-02-25,1805.0,1775.0,1787.0,1802.0,26300.0,1790.3546142578125
2019-02-26,1800.0,1772.0,1798.0,1788.0,13200.0,1776.4451904296875
2019-02-27,1788.0,1769.0,1783.0,1774.0,29600.0,1762.53564453125
2019-02-28,1779.0,1765.0,1772.0,1767.0,21100.0,1755.580810546875
2019-03-01,1786.0,1765.0,1775.0,1775.0,29400.0,1763.5291748046875
2019-03-04,1810.0,1775.0,1775.0,1784.0,36300.0,1772.470947265625
2019-03-05,1780.0,1748.0,1780.0,1753.0,55400.0,1741.6712646484375
2019-03-06,1757.0,1736.0,1745.0,1736.0,33800.0,1724.7811279296875
2019-03-07,1722.0,1670.0,1720.0,1672.0,110400.0,1661.19482421875
2019-03-08,1669.0,1635.0,1650.0,1638.0,121300.0,1627.4144287109375
2019-03-11,1587.0,1478.0,1507.0,1564.0,412300.0,1553.8927001953125
2019-03-12,1683.0,1571.0,1605.0,1592.0,342200.0,1581.711669921875
2019-03-13,1644.0,1580.0,1581.0,1638.0,121000.0,1627.4144287109375
2019-03-14,1717.0,1647.0,1677.0,1701.0,100100.0,1690.00732421875
2019-03-15,1738.0,1680.0,1688.0,1701.0,98100.0,1690.00732421875
2019-03-18,1733.0,1681.0,1710.0,1693.0,57300.0,1682.05908203125
2019-03-19,1697.0,1657.0,1697.0,1672.0,61000.0,1661.19482421875
2019-03-20,1687.0,1663.0,1678.0,1675.0,56300.0,1664.17529296875
2019-03-22,1690.0,1631.0,1655.0,1676.0,134900.0,1665.1689453125
2019-03-25,1676.0,1632.0,1641.0,1676.0,67200.0,1665.1689453125
2019-03-26,1761.0,1687.0,1687.0,1750.0,127600.0,1738.690673828125
2019-03-27,1779.0,1729.0,1757.0,1755.0,59900.0,1743.658447265625
2019-03-28,1798.0,1740.0,1767.0,1782.0,69700.0,1770.48388671875
2019-03-29,1780.0,1715.0,1779.0,1729.0,87300.0,1717.826416015625
2019-04-01,1790.0,1744.0,1750.0,1774.0,79400.0,1762.53564453125
2019-04-02,1780.0,1757.0,1774.0,1757.0,42000.0,1745.6455078125
2019-04-03,1754.0,1720.0,1727.0,1750.0,33200.0,1738.690673828125
2019-04-04,1772.0,1741.0,1754.0,1772.0,27500.0,1760.548583984375
2019-04-05,1807.0,1774.0,1782.0,1800.0,86800.0,1788.3675537109375
2019-04-08,1823.0,1805.0,1808.0,1809.0,35200.0,1797.3094482421875
2019-04-09,1826.0,1797.0,1812.0,1799.0,32200.0,1787.3740234375
2019-04-10,1825.0,1791.0,1799.0,1811.0,37400.0,1799.2965087890625
2019-04-11,1864.0,1810.0,1810.0,1838.0,105500.0,1826.1219482421875
2019-04-12,1873.0,1840.0,1856.0,1848.0,65900.0,1836.057373046875
2019-04-15,1869.0,1837.0,1869.0,1865.0,63100.0,1852.947509765625
2019-04-16,1884.0,1850.0,1854.0,1865.0,37800.0,1852.947509765625
2019-04-17,1885.0,1854.0,1875.0,1878.0,41800.0,1865.8634033203125
2019-04-18,1899.0,1873.0,1878.0,1883.0,51700.0,1870.8311767578125
2019-04-19,1896.0,1880.0,1895.0,1894.0,29700.0,1881.7601318359375
2019-04-22,1929.0,1894.0,1899.0,1918.0,55400.0,1905.60498046875
2019-04-23,1928.0,1882.0,1928.0,1919.0,55400.0,1906.5985107421875
2019-04-24,1939.0,1904.0,1909.0,1915.0,41900.0,1902.6243896484375
2019-04-25,1930.0,1901.0,1925.0,1907.0,33200.0,1894.676025390625
2019-04-26,1907.0,1857.0,1907.0,1893.0,72300.0,1880.7664794921875
2019-05-07,1911.0,1860.0,1911.0,1865.0,41000.0,1852.947509765625
2019-05-08,1847.0,1819.0,1840.0,1826.0,48400.0,1814.199462890625
2019-05-09,1816.0,1774.0,1816.0,1779.0,61600.0,1767.5032958984375
2019-05-10,1811.0,1766.0,1773.0,1793.0,46900.0,1781.4127197265625
2019-05-13,1854.0,1787.0,1787.0,1816.0,60600.0,1804.2640380859375
2019-05-14,1841.0,1770.0,1790.0,1836.0,41600.0,1824.135009765625
2019-05-15,1856.0,1805.0,1856.0,1812.0,32000.0,1800.2899169921875
2019-05-16,1829.0,1789.0,1824.0,1826.0,36300.0,1814.199462890625
2019-05-17,1863.0,1819.0,1847.0,1861.0,32900.0,1848.973388671875
2019-05-20,1910.0,1859.0,1889.0,1888.0,38800.0,1875.7989501953125
2019-05-21,1894.0,1865.0,1891.0,1894.0,13600.0,1881.7601318359375
2019-05-22,1898.0,1861.0,1898.0,1888.0,19500.0,1875.7989501953125
2019-05-23,1901.0,1858.0,1889.0,1867.0,26800.0,1854.9345703125
2019-05-24,1886.0,1837.0,1847.0,1886.0,26100.0,1873.8118896484375
2019-05-27,1908.0,1863.0,1878.0,1905.0,14100.0,1892.68896484375
2019-05-28,1963.0,1843.0,1907.0,1960.0,219900.0,1947.3336181640625
2019-05-29,1987.0,1919.0,1962.0,1961.0,57200.0,1948.3270263671875
2019-05-30,1965.0,1922.0,1956.0,1946.0,27900.0,1933.424072265625
2019-05-31,1932.0,1882.0,1932.0,1899.0,49100.0,1886.727783203125
2019-06-03,1895.0,1857.0,1867.0,1875.0,30000.0,1862.8829345703125
2019-06-04,1890.0,1847.0,1870.0,1889.0,21300.0,1876.7923583984375
2019-06-05,1946.0,1893.0,1902.0,1945.0,41300.0,1932.4305419921875
2019-06-06,1970.0,1933.0,1945.0,1953.0,46000.0,1940.3787841796875
2019-06-07,1975.0,1937.0,1950.0,1964.0,75100.0,1951.3077392578125
2019-06-10,2100.0,1995.0,2000.0,2099.0,216000.0,2085.435546875
2019-06-11,2145.0,2066.0,2097.0,2136.0,128900.0,2122.196044921875
2019-06-12,2131.0,2086.0,2126.0,2116.0,53600.0,2102.325439453125
2019-06-13,2156.0,2100.0,2109.0,2146.0,69800.0,2132.131591796875
2019-06-14,2217.0,2150.0,2158.0,2204.0,99300.0,2189.7568359375
2019-06-17,2212.0,2170.0,2199.0,2176.0,75600.0,2161.937744140625
2019-06-18,2171.0,2107.0,2171.0,2111.0,82000.0,2097.357666015625
2019-06-19,2130.0,2066.0,2130.0,2114.0,92000.0,2100.33837890625
2019-06-20,2183.0,2118.0,2129.0,2164.0,73200.0,2150.01513671875
2019-06-21,2174.0,2123.0,2164.0,2139.0,49300.0,2125.1767578125
2019-06-24,2139.0,2104.0,2136.0,2121.0,24600.0,2107.293212890625
2019-06-25,2146.0,2108.0,2121.0,2132.0,43700.0,2118.221923828125
2019-06-26,2176.0,2118.0,2118.0,2169.0,49800.0,2154.98291015625
2019-06-27,2255.0,2157.0,2165.0,2238.0,116800.0,2223.537109375
2019-06-28,2291.0,2233.0,2250.0,2237.0,120900.0,2222.54345703125
2019-07-01,2302.0,2246.0,2246.0,2286.0,103000.0,2271.226806640625
2019-07-02,2303.0,2266.0,2302.0,2286.0,48800.0,2271.226806640625
2019-07-03,2282.0,2249.0,2273.0,2274.0,71000.0,2259.304443359375
2019-07-04,2293.0,2252.0,2275.0,2263.0,48200.0,2248.375244140625
2019-07-05,2272.0,2214.0,2269.0,2225.0,90600.0,2210.620849609375
2019-07-08,2232.0,2191.0,2201.0,2221.0,72600.0,2206.646728515625
2019-07-09,2210.0,2183.0,2203.0,2199.0,65000.0,2184.7890625
2019-07-10,2199.0,2160.0,2176.0,2195.0,71100.0,2180.81494140625
2019-07-11,2224.0,2171.0,2171.0,2223.0,55500.0,2208.634033203125
2019-07-12,2240.0,2199.0,2226.0,2219.0,32800.0,2204.65966796875
2019-07-16,2217.0,2200.0,2200.0,2215.0,22900.0,2200.685791015625
2019-07-17,2201.0,2180.0,2195.0,2189.0,75400.0,2174.853759765625
2019-07-18,2167.0,2092.0,2167.0,2101.0,139600.0,2087.422119140625
2019-07-19,2159.0,2110.0,2110.0,2130.0,60000.0,2116.23486328125
2019-07-22,2116.0,2095.0,2116.0,2105.0,42900.0,2091.396484375
2019-07-23,2130.0,2099.0,2101.0,2113.0,46300.0,2099.3447265625
2019-07-24,2129.0,2100.0,2120.0,2123.0,47100.0,2109.2802734375
2019-07-25,2156.0,2122.0,2124.0,2148.0,64800.0,2134.11865234375
2019-07-26,2148.0,2115.0,2140.0,2120.0,78000.0,2106.299560546875
2019-07-29,2138.0,2095.0,2095.0,2113.0,258000.0,2099.3447265625
2019-07-30,2147.0,2096.0,2099.0,2140.0,176600.0,2130.202880859375
2019-07-31,2143.0,2118.0,2129.0,2131.0,62400.0,2121.244140625
2019-08-01,2137.0,2118.0,2127.0,2128.0,35000.0,2118.2578125
2019-08-02,2134.0,2104.0,2118.0,2128.0,45300.0,2118.2578125
2019-08-05,2129.0,2048.0,2114.0,2083.0,92900.0,2073.4638671875
2019-08-06,2109.0,2035.0,2040.0,2109.0,44700.0,2099.3447265625
2019-08-07,2119.0,2090.0,2109.0,2115.0,25100.0,2105.3173828125
2019-08-08,2175.0,2115.0,2115.0,2153.0,64300.0,2143.143310546875
2019-08-09,2199.0,2160.0,2165.0,2177.0,38400.0,2167.033447265625
2019-08-13,2186.0,2145.0,2150.0,2186.0,27200.0,2175.992431640625
2019-08-14,2209.0,2178.0,2190.0,2209.0,47600.0,2198.88720703125
2019-08-15,2174.0,2152.0,2172.0,2166.0,33000.0,2156.083740234375
2019-08-16,2180.0,2141.0,2175.0,2143.0,26400.0,2133.18896484375
2019-08-19,2153.0,2132.0,2138.0,2147.0,18600.0,2137.1708984375
2019-08-20,2198.0,2168.0,2170.0,2198.0,34200.0,2187.937255859375
2019-08-21,2196.0,2172.0,2196.0,2180.0,18300.0,2170.019775390625
2019-08-22,2189.0,2156.0,2181.0,2161.0,30400.0,2151.106689453125
2019-08-23,2171.0,2152.0,2165.0,2168.0,16400.0,2158.07470703125
2019-08-26,2161.0,2115.0,2130.0,2152.0,25100.0,2142.14794921875
2019-08-27,2170.0,2144.0,2158.0,2146.0,17600.0,2136.175537109375
2019-08-28,2157.0,2105.0,2146.0,2112.0,27900.0,2102.3310546875
2019-08-29,2117.0,2066.0,2112.0,2096.0,53900.0,2086.404296875
2019-08-30,2140.0,2098.0,2115.0,2124.0,50400.0,2114.276123046875
2019-09-02,2130.0,2101.0,2124.0,2123.0,14700.0,2113.28076171875
2019-09-03,2131.0,2116.0,2119.0,2121.0,16900.0,2111.289794921875
2019-09-04,2123.0,2097.0,2121.0,2115.0,23900.0,2105.3173828125
2019-09-05,2143.0,2099.0,2108.0,2131.0,37600.0,2121.244140625
2019-09-06,2145.0,2123.0,2131.0,2139.0,18500.0,2129.20751953125
2019-09-09,2135.0,2107.0,2135.0,2119.0,29000.0,2109.299072265625
2019-09-10,2126.0,2098.0,2108.0,2120.0,32500.0,2110.294677734375
2019-09-11,2143.0,2112.0,2138.0,2126.0,38300.0,2116.26708984375
2019-09-12,2200.0,2108.0,2150.0,2118.0,113000.0,2108.3037109375
2019-09-13,2184.0,2107.0,2134.0,2172.0,104200.0,2162.056396484375
2019-09-17,2347.0,2198.0,2198.0,2329.0,287800.0,2318.337646484375
2019-09-18,2340.0,2262.0,2329.0,2300.0,155700.0,2289.47021484375
2019-09-19,2342.0,2277.0,2312.0,2292.0,80300.0,2281.5068359375
2019-09-20,2307.0,2270.0,2278.0,2300.0,46700.0,2289.47021484375
2019-09-24,2325.0,2270.0,2270.0,2320.0,70200.0,2309.37890625
2019-09-25,2373.0,2310.0,2320.0,2361.0,153800.0,2350.191162109375
2019-09-26,2445.0,2366.0,2369.0,2406.0,158400.0,2394.985107421875
2019-09-27,2465.0,2404.0,2423.0,2464.0,77300.0,2452.719482421875
2019-09-30,2498.0,2413.0,2469.0,2425.0,78100.0,2413.89794921875
2019-10-01,2463.0,2410.0,2418.0,2453.0,50400.0,2441.77001953125
2019-10-02,2491.0,2442.0,2445.0,2485.0,61200.0,2473.623291015625
2019-10-03,2479.0,2433.0,2453.0,2441.0,44000.0,2429.82470703125
2019-10-04,2480.0,2426.0,2450.0,2449.0,43800.0,2437.788330078125
2019-10-07,2469.0,2430.0,2450.0,2433.0,27900.0,2421.861328125
2019-10-08,2399.0,2302.0,2399.0,2306.0,177700.0,2295.44287109375
2019-10-09,2279.0,2230.0,2279.0,2242.0,156700.0,2231.73583984375
2019-10-10,2235.0,2186.0,2215.0,2200.0,137400.0,2189.92822265625
2019-10-11,2202.0,2180.0,2186.0,2199.0,76900.0,2188.932861328125
2019-10-15,2249.0,2191.0,2200.0,2197.0,55500.0,2186.94189453125
2019-10-16,2185.0,2142.0,2185.0,2150.0,133300.0,2140.156982421875
2019-10-17,2150.0,2130.0,2150.0,2130.0,41800.0,2120.24853515625
2019-10-18,2149.0,2101.0,2140.0,2122.0,69700.0,2112.28515625
2019-10-21,2108.0,2070.0,2100.0,2080.0,97500.0,2070.4775390625
2019-10-23,2086.0,2051.0,2070.0,2086.0,76900.0,2076.4501953125
2019-10-24,2082.0,2060.0,2082.0,2074.0,54000.0,2064.505126953125
2019-10-25,2083.0,2057.0,2074.0,2080.0,73000.0,2070.4775390625
2019-10-28,2085.0,2062.0,2078.0,2071.0,36400.0,2061.518798828125
2019-10-29,2089.0,2046.0,2080.0,2049.0,67400.0,2039.6195068359375
2019-10-30,2048.0,2003.0,2045.0,2022.0,100000.0,2012.7430419921875
2019-10-31,2021.0,1996.0,2003.0,2002.0,69300.0,1992.834716796875
2019-11-01,2021.0,1997.0,2000.0,2007.0,82600.0,1997.811767578125
2019-11-05,2049.0,2014.0,2020.0,2030.0,96600.0,2020.7064208984375
2019-11-06,2057.0,2005.0,2045.0,2015.0,83100.0,2005.775146484375
2019-11-07,2016.0,2002.0,2009.0,2010.0,47400.0,2000.798095703125
2019-11-08,2011.0,1994.0,2010.0,2000.0,69800.0,1990.84375
2019-11-11,2030.0,2002.0,2005.0,2018.0,80700.0,2008.761474609375
2019-11-12,2035.0,2012.0,2020.0,2024.0,49300.0,2014.7340087890625
2019-11-13,2025.0,2001.0,2025.0,2006.0,57400.0,1996.81640625
2019-11-14,2013.0,1987.0,2006.0,1994.0,74400.0,1984.871337890625
2019-11-15,2019.0,1992.0,1994.0,2000.0,53200.0,1990.84375
2019-11-18,2009.0,1992.0,2009.0,1996.0,52100.0,1986.862060546875
2019-11-19,2003.0,1996.0,2000.0,1999.0,28600.0,1989.848388671875
2019-11-20,1995.0,1951.0,1995.0,1978.0,93700.0,1968.9444580078125
2019-11-21,1980.0,1951.0,1978.0,1980.0,41400.0,1970.9354248046875
2019-11-22,1981.0,1961.0,1971.0,1961.0,36500.0,1952.0223388671875
2019-11-25,1977.0,1955.0,1955.0,1964.0,53400.0,1955.0086669921875
2019-11-26,1980.0,1946.0,1970.0,1946.0,57000.0,1937.091064453125
2019-11-27,1937.0,1925.0,1932.0,1925.0,53400.0,1916.187255859375
2019-11-28,1923.0,1887.0,1921.0,1893.0,109300.0,1884.3336181640625
2019-11-29,1903.0,1881.0,1890.0,1884.0,55800.0,1875.3748779296875
2019-12-02,1901.0,1881.0,1884.0,1897.0,51100.0,1888.3153076171875
2019-12-03,1901.0,1882.0,1900.0,1900.0,53900.0,1891.3016357421875
2019-12-04,1918.0,1894.0,1900.0,1915.0,64600.0,1906.23291015625
2019-12-05,1929.0,1900.0,1921.0,1912.0,74000.0,1903.2467041015625
2019-12-06,1931.0,1905.0,1930.0,1908.0,80600.0,1899.2650146484375
2019-12-09,2298.0,2199.0,2250.0,2275.0,1467800.0,2264.5849609375
2019-12-10,2396.0,2334.0,2341.0,2378.0,886700.0,2367.11328125
2019-12-11,2420.0,2358.0,2398.0,2389.0,467500.0,2378.06298828125
2019-12-12,2439.0,2390.0,2390.0,2430.0,278000.0,2418.875244140625
2019-12-13,2444.0,2400.0,2439.0,2400.0,180100.0,2389.0126953125
2019-12-16,2399.0,2313.0,2383.0,2322.0,333800.0,2311.36962890625
2019-12-17,2391.0,2330.0,2340.0,2336.0,277400.0,2325.305419921875
2019-12-18,2341.0,2236.0,2341.0,2257.0,533400.0,2246.667236328125
2019-12-19,2318.0,2230.0,2254.0,2232.0,246600.0,2221.781494140625
2019-12-20,2232.0,2178.0,2221.0,2186.0,246700.0,2175.992431640625
2019-12-23,2269.0,2198.0,2205.0,2265.0,185000.0,2254.630615234375
2019-12-24,2319.0,2245.0,2260.0,2317.0,121100.0,2306.392578125
2019-12-25,2317.0,2267.0,2317.0,2298.0,60000.0,2287.479736328125
2019-12-26,2345.0,2296.0,2310.0,2299.0,122100.0,2288.474853515625
2019-12-27,2392.0,2290.0,2299.0,2392.0,186400.0,2381.04931640625
2019-12-30,2405.0,2349.0,2390.0,2404.0,123800.0,2392.994140625
2020-01-06,2429.0,2362.0,2370.0,2420.0,129800.0,2408.9208984375
2020-01-07,2441.0,2379.0,2421.0,2395.0,127800.0,2384.035400390625
2020-01-08,2394.0,2330.0,2394.0,2363.0,122100.0,2352.18212890625
2020-01-09,2419.0,2376.0,2392.0,2382.0,66100.0,2371.094970703125
2020-01-10,2380.0,2353.0,2366.0,2377.0,48700.0,2366.117919921875
2020-01-14,2409.0,2378.0,2399.0,2380.0,72400.0,2369.104248046875
2020-01-15,2480.0,2365.0,2380.0,2473.0,214700.0,2461.678466796875
2020-01-16,2600.0,2473.0,2485.0,2592.0,337900.0,2580.133544921875
2020-01-17,2621.0,2532.0,2597.0,2532.0,214600.0,2520.408203125
2020-01-20,2547.0,2504.0,2547.0,2525.0,77700.0,2513.4404296875
2020-01-21,2557.0,2510.0,2524.0,2536.0,83100.0,2524.389892578125
2020-01-22,2577.0,2521.0,2526.0,2537.0,87600.0,2525.38525390625
2020-01-23,2570.0,2513.0,2532.0,2545.0,93500.0,2533.3486328125
2020-01-24,2573.0,2541.0,2550.0,2549.0,87400.0,2537.33056640625
2020-01-27,2574.0,2496.0,2522.0,2560.0,178600.0,2548.280029296875
2020-01-28,2595.0,2549.0,2551.0,2588.0,193000.0,2576.15185546875
2020-01-29,2588.0,2476.0,2581.0,2476.0,509700.0,2464.664794921875
2020-01-30,2670.0,2464.0,2473.0,2521.0,519300.0,2513.519287109375
2020-01-31,2613.0,2527.0,2544.0,2582.0,172000.0,2574.33837890625
2020-02-03,2582.0,2514.0,2516.0,2574.0,79700.0,2566.362060546875
2020-02-04,2628.0,2563.0,2585.0,2619.0,105000.0,2611.228515625
2020-02-05,2635.0,2572.0,2635.0,2572.0,101100.0,2564.367919921875
2020-02-06,2595.0,2558.0,2587.0,2574.0,79800.0,2566.362060546875
2020-02-07,2589.0,2536.0,2564.0,2550.0,82100.0,2542.433349609375
2020-02-10,2698.0,2587.0,2590.0,2653.0,302200.0,2645.127685546875
2020-02-12,2681.0,2628.0,2658.0,2668.0,114600.0,2660.0830078125
2020-02-13,2677.0,2640.0,2670.0,2670.0,65100.0,2662.0771484375
2020-02-14,2662.0,2636.0,2662.0,2654.0,65100.0,2646.12451171875
2020-02-17,2610.0,2533.0,2583.0,2549.0,231500.0,2541.436279296875
2020-02-18,2542.0,2445.0,2542.0,2494.0,210300.0,2486.599365234375
2020-02-19,2617.0,2473.0,2475.0,2606.0,213400.0,2598.26708984375
2020-02-20,2684.0,2590.0,2625.0,2645.0,174000.0,2637.1513671875
2020-02-21,2660.0,2605.0,2605.0,2643.0,155100.0,2635.1572265625
2020-02-25,2588.0,2481.0,2493.0,2522.0,258300.0,2514.516357421875
2020-02-26,2510.0,2338.0,2464.0,2376.0,379800.0,2368.949462890625
2020-02-27,2340.0,2149.0,2339.0,2173.0,451900.0,2166.552001953125
2020-02-28,2106.0,1942.0,2023.0,1961.0,629400.0,1955.1810302734375
2020-03-02,2165.0,1980.0,1988.0,2126.0,395000.0,2119.69140625
2020-03-03,2250.0,2030.0,2226.0,2039.0,334000.0,2032.9495849609375
2020-03-04,2061.0,1973.0,2000.0,2044.0,191900.0,2037.9346923828125
2020-03-05,2100.0,1988.0,2061.0,2016.0,204900.0,2010.017822265625
2020-03-06,1998.0,1868.0,1986.0,1953.0,482600.0,1947.2047119140625
2020-03-09,1929.0,1770.0,1871.0,1805.0,564900.0,1799.6439208984375
2020-03-10,1877.0,1645.0,1700.0,1855.0,557700.0,1849.49560546875
2020-03-11,1894.0,1807.0,1881.0,1829.0,358900.0,1823.57275390625
2020-03-12,1845.0,1736.0,1774.0,1789.0,455400.0,1783.69140625
2020-03-13,1723.0,1609.0,1612.0,1667.0,374400.0,1662.053466796875
2020-03-16,1756.0,1601.0,1627.0,1647.0,323000.0,1642.11279296875
2020-03-17,1709.0,1562.0,1565.0,1671.0,281700.0,1666.04150390625
2020-03-18,1731.0,1614.0,1703.0,1622.0,214300.0,1617.1868896484375
2020-03-19,1828.0,1641.0,1689.0,1757.0,461900.0,1751.786376953125
2020-03-23,1824.0,1673.0,1777.0,1698.0,377800.0,1692.96142578125
2020-03-24,1794.0,1712.0,1738.0,1785.0,202900.0,1779.7032470703125
2020-03-25,1892.0,1825.0,1860.0,1860.0,186700.0,1854.480712890625
2020-03-26,1790.0,1688.0,1788.0,1694.0,336600.0,1688.9732666015625
2020-03-27,1779.0,1698.0,1701.0,1721.0,204800.0,1715.8931884765625
2020-03-30,1658.0,1588.0,1645.0,1614.0,318900.0,1609.210693359375
2020-03-31,1678.0,1591.0,1598.0,1618.0,270100.0,1613.1988525390625
2020-04-01,1625.0,1537.0,1617.0,1550.0,255700.0,1545.400634765625
2020-04-02,1552.0,1411.0,1515.0,1414.0,408200.0,1409.80419921875
2020-04-03,1345.0,1190.0,1341.0,1204.0,1090800.0,1200.42724609375
2020-04-06,1500.0,1270.0,1270.0,1408.0,895200.0,1403.822021484375
2020-04-07,1498.0,1307.0,1498.0,1340.0,513700.0,1336.023681640625
2020-04-08,1469.0,1288.0,1345.0,1441.0,352500.0,1436.7239990234375
2020-04-09,1559.0,1486.0,1524.0,1510.0,284500.0,1505.519287109375
2020-04-10,1500.0,1346.0,1500.0,1415.0,323600.0,1410.8011474609375
2020-04-13,1405.0,1320.0,1333.0,1351.0,276800.0,1346.9910888671875
2020-04-14,1438.0,1336.0,1340.0,1421.0,258100.0,1416.7833251953125
2020-04-15,1488.0,1432.0,1481.0,1447.0,165900.0,1442.7061767578125
2020-04-16,1435.0,1392.0,1402.0,1420.0,202900.0,1415.786376953125
2020-04-17,1459.0,1404.0,1420.0,1449.0,230900.0,1444.7003173828125
2020-04-20,1538.0,1445.0,1468.0,1518.0,268500.0,1513.49560546875
2020-04-21,1509.0,1419.0,1509.0,1441.0,200100.0,1436.7239990234375
2020-04-22,1443.0,1401.0,1427.0,1420.0,167900.0,1415.786376953125
2020-04-23,1474.0,1427.0,1441.0,1461.0,146000.0,1456.6646728515625
2020-04-24,1482.0,1421.0,1451.0,1425.0,125400.0,1420.771484375
2020-04-27,1481.0,1413.0,1434.0,1469.0,164500.0,1464.6409912109375
2020-04-28,1534.0,1474.0,1499.0,1530.0,250300.0,1525.4599609375
2020-04-30,1609.0,1555.0,1583.0,1562.0,266600.0,1557.364990234375
2020-05-01,1544.0,1475.0,1544.0,1524.0,229600.0,1519.477783203125
2020-05-07,1595.0,1525.0,1564.0,1556.0,254000.0,1551.3828125
2020-05-08,1701.0,1568.0,1589.0,1694.0,408200.0,1688.9732666015625
2020-05-11,1859.0,1740.0,1753.0,1859.0,631100.0,1853.483642578125
2020-05-12,1897.0,1746.0,1897.0,1807.0,443000.0,1801.637939453125
2020-05-13,1786.0,1701.0,1755.0,1778.0,330300.0,1772.7239990234375
2020-05-14,1761.0,1704.0,1750.0,1707.0,285100.0,1701.9346923828125
2020-05-15,1761.0,1640.0,1741.0,1710.0,284700.0,1704.92578125
2020-05-18,1714.0,1663.0,1709.0,1708.0,173200.0,1702.9317626953125
2020-05-19,1820.0,1722.0,1802.0,1756.0,310600.0,1750.789306640625
2020-05-20,1780.0,1735.0,1755.0,1768.0,164800.0,1762.753662109375
2020-05-21,1790.0,1752.0,1790.0,1760.0,166800.0,1754.7774658203125
2020-05-22,1779.0,1724.0,1768.0,1750.0,197300.0,1744.80712890625
2020-05-25,1950.0,1770.0,1782.0,1950.0,638600.0,1944.213623046875
2020-05-26,2018.0,1957.0,2012.0,1978.0,694400.0,1972.130615234375
2020-05-27,1963.0,1915.0,1963.0,1939.0,237700.0,1933.246337890625
2020-05-28,1929.0,1866.0,1925.0,1901.0,311300.0,1895.3590087890625
2020-05-29,1934.0,1869.0,1896.0,1874.0,258400.0,1868.439208984375
2020-06-01,1933.0,1860.0,1890.0,1872.0,296800.0,1866.445068359375
2020-06-02,1898.0,1847.0,1892.0,1860.0,199400.0,1854.480712890625
2020-06-03,1880.0,1794.0,1846.0,1801.0,369500.0,1795.65576171875
2020-06-04,1844.0,1787.0,1812.0,1815.0,303900.0,1809.6142578125
2020-06-05,1813.0,1746.0,1800.0,1806.0,273000.0,1800.6409912109375
2020-06-08,1915.0,1808.0,1830.0,1821.0,479600.0,1815.596435546875
2020-06-09,1858.0,1807.0,1831.0,1827.0,162600.0,1821.57861328125
2020-06-10,1829.0,1783.0,1810.0,1795.0,222000.0,1789.673583984375
2020-06-11,1801.0,1688.0,1778.0,1689.0,367500.0,1683.9881591796875
2020-06-12,1688.0,1583.0,1590.0,1677.0,597700.0,1672.023681640625
2020-06-15,1680.0,1570.0,1667.0,1570.0,334200.0,1565.34130859375
2020-06-16,1659.0,1608.0,1638.0,1625.0,242600.0,1620.1781005859375
2020-06-17,1673.0,1591.0,1659.0,1601.0,292400.0,1596.249267578125
2020-06-18,1607.0,1547.0,1607.0,1578.0,343100.0,1573.3175048828125
2020-06-19,1612.0,1567.0,1578.0,1612.0,239800.0,1607.2166748046875
2020-06-22,1631.0,1590.0,1621.0,1631.0,198300.0,1626.1602783203125
2020-06-23,1647.0,1595.0,1633.0,1612.0,166000.0,1607.2166748046875
2020-06-24,1640.0,1608.0,1631.0,1617.0,114700.0,1612.2017822265625
2020-06-25,1618.0,1580.0,1596.0,1587.0,175500.0,1582.290771484375
2020-06-26,1594.0,1543.0,1594.0,1567.0,194800.0,1562.35009765625
2020-06-29,1553.0,1505.0,1541.0,1509.0,235600.0,1504.522216796875
2020-06-30,1568.0,1497.0,1545.0,1504.0,199900.0,1499.537109375
2020-07-01,1519.0,1470.0,1500.0,1476.0,186700.0,1471.6202392578125
2020-07-02,1487.0,1399.0,1456.0,1412.0,378000.0,1407.81005859375
2020-07-03,1440.0,1372.0,1396.0,1410.0,341400.0,1405.8160400390625
2020-07-06,1477.0,1425.0,1429.0,1471.0,218100.0,1466.635009765625
2020-07-07,1518.0,1455.0,1499.0,1500.0,196300.0,1495.5489501953125
2020-07-08,1526.0,1476.0,1499.0,1513.0,193800.0,1508.5103759765625
2020-07-09,1533.0,1440.0,1530.0,1442.0,218300.0,1437.7210693359375
2020-07-10,1442.0,1402.0,1415.0,1407.0,202500.0,1402.824951171875
2020-07-13,1476.0,1422.0,1428.0,1474.0,127800.0,1469.6260986328125
2020-07-14,1476.0,1426.0,1474.0,1445.0,118900.0,1440.712158203125
2020-07-15,1485.0,1459.0,1470.0,1485.0,122000.0,1480.593505859375
2020-07-16,1541.0,1470.0,1503.0,1474.0,159900.0,1469.6260986328125
2020-07-17,1496.0,1451.0,1496.0,1465.0,114500.0,1460.65283203125
2020-07-20,1479.0,1435.0,1479.0,1464.0,90300.0,1459.65576171875
2020-07-21,1486.0,1439.0,1475.0,1457.0,103300.0,1452.676513671875
2020-07-22,1465.0,1441.0,1459.0,1458.0,96500.0,1453.673583984375
2020-07-27,1470.0,1436.0,1441.0,1466.0,135100.0,1461.64990234375
2020-07-28,1464.0,1414.0,1460.0,1414.0,206700.0,1409.80419921875
2020-07-29,1401.0,1320.0,1400.0,1348.0,546200.0,1344.0
2020-07-30,1374.0,1295.0,1344.0,1299.0,325500.0,1299.0
2020-07-31,1290.0,1228.0,1281.0,1240.0,247100.0,1240.0
2020-08-03,1234.0,1163.0,1190.0,1188.0,339000.0,1188.0
2020-08-04,1275.0,1195.0,1210.0,1270.0,235300.0,1270.0
2020-08-05,1270.0,1217.0,1269.0,1257.0,133100.0,1257.0
2020-08-06,1299.0,1241.0,1273.0,1255.0,124800.0,1255.0
2020-08-07,1292.0,1253.0,1255.0,1282.0,118200.0,1282.0
2020-08-11,1346.0,1286.0,1286.0,1340.0,183700.0,1340.0
2020-08-12,1385.0,1330.0,1367.0,1380.0,178500.0,1380.0
2020-08-13,1429.0,1354.0,1397.0,1374.0,213900.0,1374.0
2020-08-14,1404.0,1361.0,1374.0,1376.0,121800.0,1376.0
2020-08-17,1390.0,1355.0,1377.0,1390.0,110000.0,1390.0
2020-08-18,1385.0,1337.0,1385.0,1356.0,143100.0,1356.0
2020-08-19,1392.0,1337.0,1337.0,1392.0,102500.0,1392.0
2020-08-20,1395.0,1370.0,1392.0,1387.0,54700.0,1387.0
2020-08-21,1410.0,1381.0,1383.0,1394.0,75700.0,1394.0
2020-08-24,1425.0,1374.0,1415.0,1405.0,68300.0,1405.0
2020-08-25,1447.0,1412.0,1427.0,1444.0,140300.0,1444.0
2020-08-26,1525.0,1455.0,1470.0,1519.0,335500.0,1519.0
2020-08-27,1537.0,1447.0,1532.0,1457.0,293200.0,1457.0
2020-08-28,1484.0,1401.0,1456.0,1430.0,276300.0,1430.0
2020-08-31,1479.0,1446.0,1446.0,1463.0,126800.0,1463.0
2020-09-01,1477.0,1445.0,1464.0,1458.0,80600.0,1458.0
2020-09-02,1475.0,1436.0,1475.0,1462.0,113300.0,1462.0
2020-09-03,1501.0,1467.0,1475.0,1494.0,128600.0,1494.0
2020-09-04,1489.0,1459.0,1464.0,1489.0,76800.0,1489.0
2020-09-07,1506.0,1469.0,1489.0,1492.0,108000.0,1492.0
2020-09-08,1520.0,1471.0,1489.0,1520.0,119300.0,1520.0
2020-09-09,1570.0,1497.0,1518.0,1530.0,221000.0,1530.0
2020-09-10,1554.0,1528.0,1554.0,1531.0,134700.0,1531.0
2020-09-11,1546.0,1503.0,1530.0,1504.0,238100.0,1504.0
2020-09-14,1485.0,1411.0,1464.0,1461.0,561500.0,1461.0
2020-09-15,1490.0,1436.0,1461.0,1470.0,188800.0,1470.0
2020-09-16,1480.0,1457.0,1475.0,1479.0,129400.0,1479.0
2020-09-17,1525.0,1473.0,1475.0,1517.0,229000.0,1517.0
2020-09-18,1527.0,1486.0,1517.0,1494.0,167500.0,1494.0
2020-09-23,1513.0,1480.0,1510.0,1501.0,93200.0,1501.0
2020-09-24,1493.0,1425.0,1489.0,1430.0,207700.0,1430.0
2020-09-25,1456.0,1429.0,1448.0,1440.0,95000.0,1440.0
2020-09-28,1439.0,1409.0,1429.0,1434.0,150400.0,1434.0
2020-09-29,1475.0,1425.0,1425.0,1475.0,116200.0,1475.0
2020-09-30,1524.0,1470.0,1483.0,1477.0,155400.0,1477.0
2020-10-02,1522.0,1480.0,1513.0,1489.0,198600.0,1489.0
2020-10-05,1624.0,1510.0,1515.0,1603.0,480300.0,1603.0
2020-10-06,1639.0,1558.0,1625.0,1563.0,269100.0,1563.0
2020-10-07,1595.0,1535.0,1550.0,1595.0,210600.0,1595.0
2020-10-08,1610.0,1558.0,1590.0,1604.0,229400.0,1604.0
2020-10-09,1615.0,1573.0,1606.0,1598.0,163900.0,1598.0
2020-10-12,1604.0,1571.0,1598.0,1586.0,103100.0,1586.0
2020-10-13,1626.0,1557.0,1560.0,1626.0,176400.0,1626.0
2020-10-14,1659.0,1613.0,1626.0,1655.0,256000.0,1655.0
2020-10-15,1634.0,1535.0,1630.0,1535.0,328000.0,1535.0
2020-10-16,1564.0,1524.0,1535.0,1537.0,144700.0,1537.0
2020-10-19,1604.0,1540.0,1563.0,1602.0,158200.0,1602.0
2020-10-20,1602.0,1565.0,1589.0,1569.0,109900.0,1569.0
2020-10-21,1622.0,1579.0,1579.0,1599.0,131200.0,1599.0
2020-10-22,1594.0,1563.0,1593.0,1588.0,72200.0,1588.0
2020-10-23,1639.0,1584.0,1592.0,1618.0,217100.0,1618.0
2020-10-26,1638.0,1603.0,1618.0,1628.0,101100.0,1628.0
2020-10-27,1621.0,1563.0,1604.0,1621.0,82500.0,1621.0
2020-10-28,1648.0,1577.0,1621.0,1591.0,96900.0,1591.0
2020-10-29,1592.0,1547.0,1552.0,1590.0,87600.0,1590.0
2020-10-30,1579.0,1522.0,1559.0,1529.0,135600.0,1529.0
2020-11-02,1574.0,1531.0,1557.0,1574.0,103100.0,1574.0
2020-11-04,1618.0,1564.0,1597.0,1600.0,146600.0,1600.0
2020-11-05,1619.0,1571.0,1595.0,1617.0,94900.0,1617.0
2020-11-06,1617.0,1571.0,1617.0,1573.0,116000.0,1573.0
2020-11-09,1576.0,1551.0,1575.0,1559.0,88700.0,1559.0
2020-11-10,1676.0,1606.0,1639.0,1641.0,395900.0,1641.0
2020-11-11,1660.0,1615.0,1658.0,1629.0,142000.0,1629.0
2020-11-12,1617.0,1527.0,1617.0,1531.0,284400.0,1531.0
2020-11-13,1510.0,1410.0,1510.0,1423.0,376800.0,1423.0
2020-11-16,1448.0,1395.0,1430.0,1431.0,250400.0,1431.0
2020-11-17,1484.0,1443.0,1460.0,1460.0,157700.0,1460.0
2020-11-18,1451.0,1420.0,1447.0,1420.0,127200.0,1420.0
2020-11-19,1409.0,1343.0,1404.0,1363.0,343000.0,1363.0
2020-11-20,1378.0,1342.0,1366.0,1365.0,191600.0,1365.0
2020-11-24,1398.0,1362.0,1365.0,1374.0,158800.0,1374.0
2020-11-25,1415.0,1370.0,1400.0,1378.0,159800.0,1378.0
2020-11-26,1391.0,1355.0,1377.0,1381.0,135300.0,1381.0
2020-11-27,1425.0,1380.0,1380.0,1412.0,171200.0,1412.0
2020-11-30,1436.0,1371.0,1419.0,1372.0,157500.0,1372.0
2020-12-01,1402.0,1372.0,1372.0,1402.0,68600.0,1402.0
2020-12-02,1425.0,1403.0,1415.0,1417.0,101600.0,1417.0
2020-12-03,1458.0,1420.0,1442.0,1448.0,143200.0,1448.0
2020-12-04,1486.0,1448.0,1456.0,1473.0,163900.0,1473.0
2020-12-07,1534.0,1485.0,1500.0,1507.0,206800.0,1507.0
2020-12-08,1539.0,1484.0,1488.0,1538.0,137300.0,1538.0
2020-12-09,1564.0,1528.0,1538.0,1549.0,121200.0,1549.0
2020-12-10,1559.0,1513.0,1549.0,1518.0,99700.0,1518.0
2020-12-11,1519.0,1495.0,1515.0,1500.0,77800.0,1500.0
2020-12-14,1505.0,1478.0,1490.0,1480.0,86400.0,1480.0
2020-12-15,1476.0,1443.0,1450.0,1471.0,90000.0,1471.0
2020-12-16,1498.0,1464.0,1493.0,1473.0,63500.0,1473.0
2020-12-17,1470.0,1432.0,1469.0,1432.0,90100.0,1432.0
2020-12-18,1441.0,1417.0,1433.0,1440.0,110500.0,1440.0
2020-12-21,1480.0,1429.0,1463.0,1442.0,83300.0,1442.0
2020-12-22,1443.0,1412.0,1439.0,1421.0,78100.0,1421.0
2020-12-23,1440.0,1414.0,1432.0,1440.0,57500.0,1440.0
2020-12-24,1451.0,1413.0,1438.0,1420.0,81600.0,1420.0
2020-12-25,1455.0,1423.0,1423.0,1453.0,83900.0,1453.0
2020-12-28,1460.0,1402.0,1453.0,1413.0,168500.0,1413.0
2020-12-29,1449.0,1410.0,1410.0,1442.0,94400.0,1442.0
2020-12-30,1461.0,1427.0,1440.0,1452.0,82700.0,1452.0
2021-01-04,1433.0,1356.0,1427.0,1371.0,398200.0,1371.0
2021-01-05,1384.0,1316.0,1348.0,1346.0,247900.0,1346.0
2021-01-06,1375.0,1338.0,1350.0,1375.0,130800.0,1375.0
2021-01-07,1394.0,1371.0,1386.0,1372.0,154600.0,1372.0
2021-01-08,1404.0,1360.0,1371.0,1404.0,120300.0,1404.0
2021-01-12,1430.0,1388.0,1391.0,1409.0,114700.0,1409.0
2021-01-13,1432.0,1405.0,1410.0,1413.0,75600.0,1413.0
2021-01-14,1432.0,1409.0,1411.0,1423.0,72700.0,1423.0
2021-01-15,1467.0,1423.0,1432.0,1456.0,171700.0,1456.0
2021-01-18,1468.0,1430.0,1456.0,1455.0,122300.0,1455.0
2021-01-19,1476.0,1451.0,1456.0,1476.0,106200.0,1476.0
2021-01-20,1514.0,1458.0,1469.0,1514.0,190000.0,1514.0
2021-01-21,1554.0,1505.0,1528.0,1517.0,162700.0,1517.0
2021-01-22,1508.0,1473.0,1502.0,1483.0,150500.0,1483.0
2021-01-25,1500.0,1460.0,1483.0,1471.0,121300.0,1471.0
2021-01-26,1500.0,1462.0,1475.0,1491.0,235700.0,1491.0
2021-01-27,1512.0,1457.0,1486.0,1505.0,407300.0,1505.0
2021-01-28,1548.0,1470.0,1475.0,1548.0,320300.0,1548.0
2021-01-29,1538.0,1459.0,1538.0,1471.0,208500.0,1471.0
2021-02-01,1494.0,1453.0,1474.0,1474.0,82000.0,1474.0
2021-02-02,1507.0,1474.0,1490.0,1496.0,65600.0,1496.0
2021-02-03,1536.0,1497.0,1510.0,1506.0,81200.0,1506.0
2021-02-04,1549.0,1507.0,1538.0,1517.0,79200.0,1517.0
2021-02-05,1620.0,1525.0,1530.0,1616.0,280400.0,1616.0
2021-02-08,1738.0,1620.0,1650.0,1627.0,402000.0,1627.0
2021-02-09,1700.0,1632.0,1635.0,1689.0,197300.0,1689.0
2021-02-10,1727.0,1680.0,1699.0,1726.0,147100.0,1726.0
2021-02-12,1719.0,1670.0,1719.0,1703.0,104600.0,1703.0
2021-02-15,1709.0,1673.0,1709.0,1694.0,79400.0,1694.0
2021-02-16,1697.0,1656.0,1690.0,1658.0,81900.0,1658.0
2021-02-17,1713.0,1634.0,1645.0,1699.0,128400.0,1699.0
2021-02-18,1784.0,1709.0,1713.0,1721.0,213300.0,1721.0
2021-02-19,1729.0,1672.0,1710.0,1691.0,100200.0,1691.0
2021-02-22,1769.0,1710.0,1728.0,1759.0,98400.0,1759.0
2021-02-24,1840.0,1763.0,1785.0,1814.0,237900.0,1814.0
2021-02-25,1873.0,1807.0,1867.0,1809.0,159400.0,1809.0
2021-02-26,1803.0,1740.0,1781.0,1770.0,146100.0,1770.0
2021-03-01,1799.0,1731.0,1799.0,1763.0,127700.0,1763.0
2021-03-02,1766.0,1681.0,1759.0,1710.0,103500.0,1710.0
2021-03-03,1746.0,1699.0,1720.0,1742.0,86500.0,1742.0
2021-03-04,1737.0,1699.0,1730.0,1727.0,58700.0,1727.0
2021-03-05,1714.0,1675.0,1714.0,1707.0,78300.0,1707.0
2021-03-08,1745.0,1610.0,1739.0,1624.0,313700.0,1624.0
2021-03-09,1695.0,1612.0,1631.0,1688.0,236300.0,1688.0
2021-03-10,1717.0,1662.0,1683.0,1677.0,116200.0,1677.0
2021-03-11,1699.0,1633.0,1693.0,1662.0,107400.0,1662.0
2021-03-12,1659.0,1632.0,1645.0,1659.0,86100.0,1659.0
2021-03-15,1690.0,1661.0,1668.0,1681.0,86800.0,1681.0
2021-03-16,1712.0,1657.0,1681.0,1706.0,92400.0,1706.0
2021-03-17,1746.0,1699.0,1712.0,1746.0,98800.0,1746.0
2021-03-18,1798.0,1749.0,1798.0,1775.0,158900.0,1775.0
2021-03-19,1804.0,1740.0,1776.0,1795.0,167100.0,1795.0
2021-03-22,1927.0,1796.0,1805.0,1867.0,430000.0,1867.0
2021-03-23,1875.0,1775.0,1843.0,1789.0,188700.0,1789.0
2021-03-24,1790.0,1683.0,1788.0,1738.0,221500.0,1738.0
2021-03-25,1758.0,1680.0,1710.0,1719.0,218100.0,1719.0
2021-03-26,1760.0,1704.0,1738.0,1718.0,77400.0,1718.0
2021-03-29,1742.0,1676.0,1718.0,1698.0,127600.0,1698.0
2021-03-30,1727.0,1666.0,1707.0,1686.0,125100.0,1686.0
2021-03-31,1693.0,1642.0,1680.0,1645.0,148800.0,1645.0
2021-04-01,1672.0,1623.0,1665.0,1631.0,116300.0,1631.0
2021-04-02,1659.0,1631.0,1631.0,1649.0,62600.0,1649.0
2021-04-05,1705.0,1653.0,1659.0,1705.0,110500.0,1705.0
2021-04-06,1716.0,1677.0,1705.0,1703.0,86900.0,1703.0
2021-04-07,1730.0,1692.0,1713.0,1710.0,77900.0,1710.0
2021-04-08,1681.0,1642.0,1680.0,1650.0,162800.0,1650.0
2021-04-09,1669.0,1625.0,1634.0,1665.0,101000.0,1665.0
2021-04-12,1665.0,1631.0,1660.0,1637.0,80300.0,1637.0
2021-04-13,1665.0,1639.0,1645.0,1658.0,64400.0,1658.0
2021-04-14,1655.0,1618.0,1651.0,1628.0,91800.0,1628.0
2021-04-15,1628.0,1583.0,1624.0,1590.0,110500.0,1590.0
2021-04-16,1597.0,1554.0,1580.0,1597.0,111300.0,1597.0
2021-04-19,1604.0,1546.0,1599.0,1547.0,110800.0,1547.0
2021-04-20,1570.0,1537.0,1547.0,1542.0,97000.0,1542.0
2021-04-21,1546.0,1506.0,1530.0,1516.0,91600.0,1516.0
2021-04-22,1546.0,1517.0,1529.0,1523.0,82100.0,1523.0
2021-04-23,1552.0,1503.0,1530.0,1542.0,112700.0,1542.0
2021-04-26,1601.0,1543.0,1552.0,1594.0,120100.0,1594.0
2021-04-27,1628.0,1584.0,1611.0,1618.0,103200.0,1618.0
2021-04-28,1603.0,1569.0,1595.0,1570.0,220400.0,1570.0
2021-04-30,1603.0,1549.0,1580.0,1588.0,78900.0,1588.0
2021-05-06,1627.0,1599.0,1600.0,1621.0,74100.0,1621.0
2021-05-07,1642.0,1610.0,1621.0,1640.0,103200.0,1640.0
2021-05-10,1649.0,1610.0,1640.0,1632.0,63700.0,1632.0
2021-05-11,1640.0,1614.0,1630.0,1625.0,56800.0,1625.0
2021-05-12,1640.0,1584.0,1625.0,1607.0,80600.0,1607.0
2021-05-13,1609.0,1555.0,1577.0,1594.0,90200.0,1594.0
2021-05-14,1652.0,1607.0,1617.0,1648.0,111900.0,1648.0
2021-05-17,1692.0,1650.0,1655.0,1666.0,115800.0,1666.0
2021-05-18,1749.0,1672.0,1674.0,1720.0,209300.0,1720.0
2021-05-19,1750.0,1700.0,1710.0,1750.0,121900.0,1750.0
2021-05-20,1774.0,1731.0,1752.0,1747.0,99300.0,1747.0
2021-05-21,1769.0,1717.0,1754.0,1761.0,84300.0,1761.0
2021-05-24,1770.0,1721.0,1760.0,1723.0,82100.0,1723.0
2021-05-25,1754.0,1705.0,1720.0,1721.0,77100.0,1721.0
2021-05-26,1791.0,1723.0,1737.0,1784.0,106700.0,1784.0
2021-05-27,1768.0,1702.0,1764.0,1705.0,203400.0,1705.0
2021-05-28,1782.0,1721.0,1726.0,1770.0,172500.0,1770.0
2021-05-31,1801.0,1768.0,1770.0,1778.0,99800.0,1778.0
2021-06-01,1804.0,1758.0,1791.0,1795.0,72600.0,1795.0
2021-06-02,1844.0,1800.0,1800.0,1825.0,133600.0,1825.0
2021-06-03,1909.0,1835.0,1835.0,1887.0,199200.0,1887.0
2021-06-04,1918.0,1882.0,1904.0,1913.0,155200.0,1913.0
2021-06-07,1950.0,1915.0,1933.0,1942.0,120600.0,1942.0
2021-06-08,1940.0,1884.0,1936.0,1925.0,129100.0,1925.0
2021-06-09,2031.0,1938.0,1943.0,1983.0,348700.0,1983.0
2021-06-10,1999.0,1944.0,1995.0,1959.0,191600.0,1959.0
2021-06-11,1965.0,1882.0,1965.0,1913.0,182200.0,1913.0
2021-06-14,1981.0,1891.0,1907.0,1957.0,164100.0,1957.0
2021-06-15,1969.0,1915.0,1951.0,1924.0,109100.0,1924.0
2021-06-16,1939.0,1871.0,1917.0,1871.0,161500.0,1871.0
2021-06-17,1910.0,1848.0,1884.0,1902.0,186600.0,1902.0
2021-06-18,1907.0,1827.0,1907.0,1832.0,223900.0,1832.0
2021-06-21,1860.0,1784.0,1800.0,1857.0,117600.0,1857.0
2021-06-22,1916.0,1877.0,1902.0,1888.0,113700.0,1888.0
2021-06-23,1910.0,1878.0,1900.0,1886.0,56100.0,1886.0
2021-06-24,1880.0,1830.0,1880.0,1833.0,78100.0,1833.0
2021-06-25,1835.0,1805.0,1825.0,1816.0,121100.0,1816.0
2021-06-28,1830.0,1786.0,1813.0,1824.0,151200.0,1824.0
2021-06-29,1832.0,1799.0,1832.0,1816.0,94600.0,1816.0
2021-06-30,1828.0,1793.0,1816.0,1796.0,91000.0,1796.0
2021-07-01,1840.0,1792.0,1796.0,1837.0,106000.0,1837.0
2021-07-02,1893.0,1838.0,1847.0,1884.0,164300.0,1884.0
2021-07-05,1934.0,1877.0,1891.0,1904.0,123200.0,1904.0
2021-07-06,1929.0,1903.0,1908.0,1913.0,74700.0,1913.0
2021-07-07,1923.0,1875.0,1900.0,1887.0,75100.0,1887.0
2021-07-08,1854.0,1807.0,1847.0,1816.0,189900.0,1816.0
2021-07-09,1849.0,1773.0,1790.0,1842.0,146100.0,1842.0
2021-07-12,1892.0,1855.0,1880.0,1866.0,81800.0,1866.0
2021-07-13,1888.0,1854.0,1888.0,1864.0,46200.0,1864.0
2021-07-14,1870.0,1840.0,1864.0,1842.0,83700.0,1842.0
2021-07-15,1868.0,1834.0,1850.0,1835.0,83800.0,1835.0
2021-07-16,1845.0,1808.0,1815.0,1835.0,69600.0,1835.0
2021-07-19,1828.0,1794.0,1814.0,1809.0,86600.0,1809.0
2021-07-20,1799.0,1772.0,1784.0,1772.0,90500.0,1772.0
2021-07-21,1803.0,1765.0,1786.0,1768.0,87100.0,1768.0
2021-07-26,1788.0,1754.0,1778.0,1754.0,107000.0,1754.0
2021-07-27,1768.0,1754.0,1763.0,1757.0,117000.0,1757.0
2021-07-28,1751.0,1721.0,1746.0,1725.0,370200.0,1725.0
2021-07-29,1745.0,1711.0,1719.0,1734.0,198900.0,1734.0
2021-07-30,1746.0,1724.0,1735.0,1730.0,106900.0,1730.0
2021-08-02,1736.0,1682.0,1727.0,1684.0,124200.0,1684.0
2021-08-03,1705.0,1656.0,1691.0,1657.0,83500.0,1657.0
2021-08-04,1679.0,1624.0,1658.0,1626.0,124200.0,1626.0
2021-08-05,1635.0,1593.0,1619.0,1595.0,107300.0,1595.0
2021-08-06,1619.0,1594.0,1607.0,1604.0,89500.0,1604.0
2021-08-10,1720.0,1619.0,1620.0,1716.0,146700.0,1716.0
2021-08-11,1730.0,1687.0,1715.0,1727.0,75000.0,1727.0
2021-08-12,1737.0,1711.0,1733.0,1727.0,74700.0,1727.0
2021-08-13,1719.0,1690.0,1711.0,1711.0,51700.0,1711.0
2021-08-16,1705.0,1679.0,1705.0,1695.0,64200.0,1695.0
2021-08-17,1700.0,1657.0,1690.0,1661.0,57300.0,1661.0
2021-08-18,1697.0,1645.0,1662.0,1696.0,56500.0,1696.0
2021-08-19,1689.0,1644.0,1670.0,1654.0,61700.0,1654.0
2021-08-20,1685.0,1648.0,1659.0,1674.0,83700.0,1674.0
2021-08-23,1704.0,1678.0,1684.0,1703.0,97300.0,1703.0
2021-08-24,1784.0,1727.0,1730.0,1766.0,149000.0,1766.0
2021-08-25,1785.0,1752.0,1763.0,1753.0,85300.0,1753.0
2021-08-26,1836.0,1773.0,1776.0,1827.0,189600.0,1827.0
2021-08-27,1800.0,1730.0,1799.0,1763.0,205000.0,1763.0
2021-08-30,1799.0,1753.0,1793.0,1782.0,82400.0,1782.0
2021-08-31,1797.0,1763.0,1797.0,1784.0,50500.0,1784.0
2021-09-01,1817.0,1780.0,1797.0,1817.0,71900.0,1817.0
2021-09-02,1817.0,1775.0,1817.0,1814.0,72200.0,1814.0
2021-09-03,1890.0,1823.0,1824.0,1885.0,218600.0,1885.0
2021-09-06,1905.0,1851.0,1880.0,1851.0,150100.0,1851.0
2021-09-07,1890.0,1840.0,1868.0,1886.0,99300.0,1886.0
2021-09-08,1882.0,1848.0,1866.0,1879.0,107200.0,1879.0
2021-09-09,1963.0,1870.0,1879.0,1960.0,256400.0,1960.0
2021-09-10,1992.0,1945.0,1961.0,1945.0,225200.0,1945.0
2021-09-13,2129.0,1925.0,1935.0,2112.0,681200.0,2112.0
2021-09-14,2224.0,2117.0,2131.0,2215.0,534300.0,2215.0
2021-09-15,2205.0,2113.0,2193.0,2171.0,417200.0,2171.0
2021-09-16,2170.0,2053.0,2151.0,2114.0,330700.0,2114.0
2021-09-17,2119.0,2014.0,2103.0,2054.0,354600.0,2054.0
2021-09-21,2158.0,2021.0,2021.0,2138.0,267200.0,2138.0
2021-09-22,2170.0,2068.0,2116.0,2075.0,225000.0,2075.0
2021-09-24,2187.0,2108.0,2126.0,2129.0,283900.0,2129.0
2021-09-27,2247.0,2150.0,2150.0,2180.0,267100.0,2180.0
2021-09-28,2237.0,2103.0,2230.0,2144.0,237700.0,2144.0
2021-09-29,2223.0,2113.0,2127.0,2212.0,261200.0,2212.0
2021-09-30,2279.0,2207.0,2230.0,2225.0,268500.0,2225.0
2021-10-01,2220.0,2109.0,2210.0,2135.0,240400.0,2135.0
2021-10-04,2208.0,2091.0,2207.0,2122.0,222600.0,2122.0
2021-10-05,2130.0,2056.0,2119.0,2090.0,152700.0,2090.0
2021-10-06,2109.0,1985.0,2100.0,1997.0,259800.0,1997.0
2021-10-07,2001.0,1911.0,2000.0,1942.0,228800.0,1942.0
2021-10-08,2027.0,1943.0,1953.0,1992.0,143400.0,1992.0
2021-10-11,2080.0,1996.0,2000.0,2070.0,126800.0,2070.0
